ts_code,name,management,found_date,fund_type,invest_type,benchmark,m_fee,c_fee,net_asset,ann_date,2012,2013,2014,2015,2016,2017,2018,2019,2020,2021,all
001822.OF,华商智能生活,华商基金,20151113,混合型,灵活配置型,中证800指数收益率*65%+上证国债指数收益率*35%,1.5,0.25,5.82,20210930,,,,0.013,-0.12142152,-0.076404494,-0.057177616,0.349677419,0.755258126,0.664488017,2.056
001887.OF,中欧价值智选回报E,中欧基金,20150922,混合型,灵活配置型,金融机构人民币三年期定期存款基准利率(税后),1.5,0.25,24.29,20210930,,,,0.245575221,0.036722913,-0.057394954,-0.075444258,0.465212047,0.609174964,0.524076119,3.043812588
004235.OF,中欧价值智选回报C,中欧基金,20170119,混合型,混合型,金融机构人民币三年期定期存款基准利率(税后),1.5,0.25,33.95,20210930,,,,,,-0.03661907,-0.086491333,0.451298489,0.596502299,0.512140034,2.083832335
000126.OF,招商安润,招商基金,20130419,混合型,灵活配置型,沪深300指数收益率*55%+中债综合全价(总值)指数收益率*45%,1.5,0.25,11.17,20210930,,-0.044,0.19665272,0.243006993,-0.047257384,0.015869501,0.006836861,0.340318127,0.978973317,0.491646516,4.47187198
005265.OF,博时厚泽回报A,博时基金,20171122,混合型,灵活配置型,中证全指指数收益率*50%+中债综合财富(总值)指数收益率*50%,1.5,0.25,2.62,20210930,,,,,,-0.004,-0.178496135,0.45601173,0.420240844,0.488878403,1.51971675
003853.OF,金鹰信息产业A,金鹰基金,20170310,股票型,股票型,中证TMT产业主题指数收益率*80%+中债总财富(总值)指数收益率*20%,1.5,0.2,16.89,20210930,,,,,,0.0354,0.04027818,0.623729307,0.954079851,0.438709147,3.91728393
610004.OF,信达澳银中小盘,信达澳银基金,20091201,混合型,混合型,中证700指数收益率*80%+中国债券总指数收益率*20%,1.5,0.25,10.11,20210930,-0.032019704,0.122137405,0.277777778,0.222715173,-0.131349782,0.053467001,-0.15146709,0.620560748,0.619377163,0.436245698,3.966721576
000924.OF,宝盈先进制造A,宝盈基金,20141217,混合型,灵活配置型,申银万国制造业指数*70%+中证综合债券指数收益率*30%,1.5,0.25,13.05,20210930,,,0.007,0.404170804,-0.189533239,-0.020069808,-0.127248442,0.796776686,0.855282955,0.432621358,3.68064894
004423.OF,华商研究精选,华商基金,20170524,混合型,灵活配置型,中证800指数收益率*65%+上证国债指数收益率*35%,1.5,0.25,4.5,20210930,,,,,,0.065,0.01314554,0.49304912,0.52886406,0.41453512,2.484
001471.OF,融通新能源,融通基金,20150629,混合型,灵活配置型,中证内地新能源主题指数收益率*50%+中债综合(全价)指数收益率*50%,1.5,0.25,6.73,20210930,,,,0.058,0.035916824,0.057481752,-0.1797239,0.573640865,0.605790641,0.411927878,2.39195869
001718.OF,工银瑞信物流产业,工银瑞信基金,20160301,股票型,股票型,沪深300运输指数收益率*80%+中债综合财富(总值)指数收益率*20%,1.5,0.25,15.45,20210930,,,,,0.1,0.218181818,-0.147761194,0.500875657,0.763710618,0.378762818,3.168
000584.OF,新华鑫益C,新华基金,20140416,混合型,灵活配置型,年化收益率10%,1.5,0.25,4.22,20210930,,,-0.027,0.861253854,-0.05466593,0.145443925,-0.064729867,0.471132898,0.726767864,0.369060892,5.3853
001907.OF,国投瑞银境煊A,国投瑞银基金,20151028,混合型,灵活配置型,沪深300指数收益率*60%+中债综合指数收益率*40%,1.5,0.25,0.33,20210930,,,,0.009,0.026759167,0.040444015,0.026623377,0.447175779,0.582526697,0.365178959,2.4595
001856.OF,易方达环保主题,易方达基金,20170602,混合型,灵活配置型,中证环保产业指数收益率*65%+一年期人民币定期存款利率(税后)*35%,1.5,0.25,63.9,20210930,,,,,,0.097,-0.140382862,0.60233298,1.063534083,0.364015394,3.253
001908.OF,国投瑞银境煊C,国投瑞银基金,20151028,混合型,灵活配置型,沪深300指数收益率*60%+中债综合指数收益率*40%,1.5,0.25,0.52,20210930,,,,0.008,0.018849206,0.034274586,0.020425452,0.431312852,0.573030811,0.357031634,2.3117
000976.OF,长城新兴产业,长城基金,20150217,混合型,灵活配置型,中证新兴产业指数收益率*55%+中债综合财富指数收益率*45%,1.5,0.25,0.99,20210930,,,,0.131,0.030946065,0.066037736,-0.171600965,0.353403904,0.657649254,0.350244578,2.1192
001388.OF,中融新经济C,中融基金,20151117,混合型,灵活配置型,沪深300指数收益率*55%+上证国债指数收益率*45%,0.6,0.1,0.76,20210930,,,,-0.002,-0.027054108,0.017198764,-0.18355776,0.502766406,0.809219972,0.347728296,1.95485189
000690.OF,前海开源大海洋,前海开源基金,20140731,混合型,灵活配置型,沪深300指数收益率*70%+中证全债指数收益率*30%,1.5,0.25,7.71,20210930,,,0.253,0.097366321,-0.183272727,-0.165627783,-0.168623266,0.564826701,0.730926989,0.338388626,1.824
001955.OF,中欧养老产业A,中欧基金,20160513,混合型,混合型,沪深300指数收益率*75%+中债综合指数收益率*25%,1.5,0.25,11.18,20210930,,,,,0.058,0.15879017,-0.17862969,0.703482587,0.434579439,0.337947883,2.286
166801.OF,浙商聚潮新思维,浙商基金,20120308,混合型,混合型,沪深300指数收益率*55%+上证国债指数收益率*45%,1.5,0.25,9.42,20210930,0.02,0.168627451,0.457214765,0.47035118,-0.019968677,0.006272473,-0.15492119,0.517327089,0.556664709,0.33760845,5.72476248
070021.OF,嘉实主题新动力,嘉实基金,20101207,混合型,混合型,沪深300指数*95%+上证国债指数*5%,1.5,0.25,18.71,20210930,0.044098573,0.223602484,0.072081218,0.646780303,-0.163312248,0.042611684,-0.174027686,0.618819777,0.590147783,0.335811648,4.592736706
610002.OF,信达澳银精华A,信达澳银基金,20080730,混合型,灵活配置型,沪深300指数收益率*60%+中国债券总指数收益率*40%,1.5,0.25,10.24,20210930,0.083865534,-0.013209013,0.705577428,-0.052129419,-0.080769543,0.22213882,-0.152606669,0.740764865,0.418442473,0.332704075,4.416722858
320018.OF,诺安新动力A,诺安基金,20120305,混合型,灵活配置型,沪深300指数*60%+中证综合债券指数*40%,1.5,0.25,1.17,20210930,-0.014,0.141075051,0.426539863,0.301869159,-0.166690596,0.115380198,-0.139076258,0.419908618,0.473906913,0.330462519,3.65553256
161611.OF,融通内需驱动AB,融通基金,20090422,混合型,混合型,沪深300指数收益率*80%+中债综合全价(总值)指数收益率*20%,1.5,0.25,5.22,20210930,0.10675317,0.10378364,0.27966204,0.317204301,-0.284711779,0.072479728,-0.156912163,0.609549618,0.489671001,0.32306112,3.22989304
519089.OF,新华优选成长,新华基金,20080725,混合型,混合型,沪深300指数*80%+上证国债指数*20%,1.5,0.25,5.5,20210930,0.04045864,0.224496222,0.067069512,0.510542592,-0.220387653,-0.060326013,-0.069121916,0.437515469,0.710063403,0.319350183,3.543606361
004616.OF,中欧电子信息产业A,中欧基金,20170707,股票型,股票型,中证TMT产业主题指数收益率*65%+恒生指数收益率*20%+中证综合债券指数收益率*15%,1.5,0.25,7.43,20210930,,,,,,0.0896,-0.12774158,0.561329687,0.507613529,0.307874508,1.9265
519091.OF,新华泛资源优势,新华基金,20090713,混合型,灵活配置型,沪深300指数*60%+上证国债指数*40%,1.5,0.25,11.29,20210930,0.063806381,0.161323681,0.243989314,0.512526843,0.066729768,0.204081633,-0.099484156,0.402618658,0.676487748,0.305115713,7.251375138
002844.OF,金鹰多元策略,金鹰基金,20160809,混合型,灵活配置型,沪深300指数收益率*50%+中证全债指数收益率*50%,1.5,0.25,0.77,20210930,,,,,-0.0481,0.098854922,-0.166523277,0.484806788,0.492933817,0.29283054,1.4993
003980.OF,中银证券瑞益A,中银证券,20170125,混合型,灵活配置型,中债综合全价指数收益率*60%+沪深300指数收益率*40%,0.6,0.1,0.77,20210930,,,,,,0.0493,-0.103421981,0.339676802,0.539639711,0.290448946,1.5036
003165.OF,鹏华弘嘉A,鹏华基金,20160819,混合型,灵活配置型,中证综合债指数收益率*50%+沪深300指数收益率*50%,0.6,0.2,0.99,20210930,,,,,-0.0094,0.0454316,-0.104007726,0.421875,0.505646078,0.282528817,1.548
121010.OF,国投瑞银瑞源,国投瑞银基金,20150122,混合型,灵活配置型,沪深300指数收益率*55%+中债综合指数收益率*45%,1.5,0.25,2.14,20210930,,,,0.111,0.04410441,0.056896552,-0.042577488,0.362668257,0.541981869,0.281584496,2.1609
003166.OF,鹏华弘嘉C,鹏华基金,20160819,混合型,灵活配置型,中证综合债指数收益率*50%+沪深300指数收益率*50%,0.6,0.2,0.52,20210930,,,,,-0.0105,0.043359612,-0.105793451,0.419040399,0.502518699,0.280097531,1.52
000628.OF,大成高新技术产业A,大成基金,20150203,股票型,股票型,中证700指数收益率*80%+恒生指数收益率*10%+中证综合债指数收益率*10%,1.5,0.25,25.27,20210930,,,,0.201,0.008326395,0.363336086,-0.157480315,0.421998562,0.602628918,0.279495268,3.056
003961.OF,易方达瑞程A,易方达基金,20161215,混合型,灵活配置型,中债新综合指数(财富)收益率*80%+沪深300指数收益率*20%,0.6,0.1,26.94,20210930,,,,,0.002,0.087334065,-0.182168763,0.921859212,0.843614908,0.277448588,3.0315
003962.OF,易方达瑞程C,易方达基金,20161215,混合型,灵活配置型,中债新综合指数(财富)收益率*80%+沪深300指数收益率*20%,0.6,0.1,10.33,20210930,,,,,0.0019,0.085645837,-0.18348202,0.945483217,0.839914312,0.274898518,3.0515
000055.OF,广发纳斯达克100指数A美元(QDII),广发基金,20150116,股票型,被动指数型,人民币计价的纳斯达克100总收益指数收益率,0.8,0.25,7.11,20210930,,,,0.128070175,0.040824261,0.307060142,-0.01200343,0.386923061,0.43665903,0.274606835,2.820688158
000788.OF,前海开源中国成长,前海开源基金,20140929,混合型,灵活配置型,沪深300指数收益率*70%+中证全债指数收益率*30%,1.5,0.25,0.64,20210930,,,0.146,0.154101222,-0.104869197,-0.109046372,-0.145714827,0.54886936,0.563944532,0.269950738,1.7720177
519767.OF,交银科技创新,交银施罗德基金,20160505,混合型,灵活配置型,沪深300指数*60%+中证综合债券指数*40%,1.5,0.25,2.89,20210930,,,,,0.047,-0.104106972,-0.048400853,0.50897877,0.621439283,0.265372171,1.7634969
003713.OF,英大睿盛A,英大基金,20161130,混合型,灵活配置型,中证全指指数收益率*50%+中证全债指数收益率*50%,0.6,0.15,0.18,20210930,,,,,0.0087,0.090512541,-0.176288754,0.484526366,0.485041067,0.26461329,1.52615649
519996.OF,长信银利精选,长信基金,20050117,混合型,混合型,沪深300指数收益率*80%+中债综合指数收益率*20%,1.5,0.25,8.17,20210930,-0.01041465,0.020383412,0.069169127,0.578662363,-0.091638082,0.199314777,-0.151494933,0.345975851,0.498783944,0.264023374,3.018175415
000794.OF,宝盈睿丰创新AB,宝盈基金,20140926,混合型,灵活配置型,沪深300指数收益率*65%+中债综合指数收益率(全价)*35%,1.5,0.25,1.22,20210930,,,0.017,0.822025565,-0.213167836,-0.146776406,-0.175100402,0.544303797,0.662042875,0.263657056,2.331
040048.OF,华安纳斯达克100美元现汇,华安基金,20130802,股票型,被动指数型,纳斯达克100价格指数(Nasdaq 100 Price Index)收益率,0.8,0.25,3.5,20210930,,0.092707046,0.162895928,0.060797665,0.026593306,0.293881197,-0.015878495,0.371115819,0.49497811,0.263393626,3.532756489
040047.OF,华安纳斯达克100美元现钞,华安基金,20130802,股票型,被动指数型,纳斯达克100价格指数(Nasdaq 100 Price Index)收益率,0.8,0.25,3.5,20210930,,0.092707046,0.162895928,0.060797665,0.026593306,0.293881197,-0.015878495,0.371115819,0.49497811,0.263393626,3.532756489
003714.OF,英大睿盛C,英大基金,20161130,混合型,灵活配置型,中证全指指数收益率*50%+中证全债指数收益率*50%,0.6,0.15,1.76,20210930,,,,,0.0085,0.08844819,-0.169187318,0.51927841,0.482583343,0.262150745,1.59276138
000796.OF,宝盈睿丰创新C,宝盈基金,20140926,混合型,灵活配置型,沪深300指数收益率*65%+中债综合指数收益率(全价)*35%,1.5,0.25,0.66,20210930,,,0.014,0.699211045,-0.217643645,-0.154302671,-0.180543383,0.531550802,0.648044693,0.253813559,1.959
003722.OF,易方达纳斯达克100美元现汇A,易方达基金,20170623,股票型,被动指数型,纳斯达克100指数收益率(使用估值汇率折算)*95%+活期存款利率(税后)*5%,0.8,0.25,1.44,20210930,,,,,,0.095497954,-0.020547945,0.36212412,0.428839831,0.250821828,1.595497954
001513.OF,易方达信息产业,易方达基金,20160927,混合型,混合型,中证TMT产业主题指数收益率*70%+一年期人民币定期存款利率(税后)*30%,1.5,0.25,35.11,20210930,,,,,-0.012,0.208502024,-0.183417085,0.754098361,0.439836449,0.247870183,2.076
110001.OF,易方达平稳增长,易方达基金,20020823,混合型,平衡型,上证A股指数,1.5,0.25,34.6,20210930,0.011913677,0.177038482,0.195078735,0.62161322,-0.11217944,0.197611454,-0.175254157,0.398092623,0.451874866,0.24226661,4.104099595
000327.OF,南方潜力新蓝筹,南方基金,20150529,混合型,混合型,中证700指数收益率*80%+上证国债指数收益率*20%,1.5,0.25,1.9,20210930,,,,0.014,0.030571992,0.052631579,-0.036818182,0.435919215,0.432270785,0.240501101,1.7033
002319.OF,大成一带一路,大成基金,20170602,混合型,灵活配置型,沪深300指数收益率*60%+中证综合债券指数收益率*40%,1.5,0.25,0.5,20210930,,,,,,0.123,-0.152715939,0.406840841,0.439357433,0.239955357,1.38906774
001445.OF,华安国企改革,华安基金,20150629,混合型,灵活配置型,中证800指数收益率*50%+中国债券总指数收益率*50%,1.5,0.25,10.69,20210930,,,,0.236,-0.061488673,0.118103448,-0.125674634,0.622574956,0.776630435,0.239216886,3.051
450011.OF,国富研究精选,国海富兰克林基金,20120522,混合型,混合型,沪深300指数收益率*80%+中债国债总指数(全价)收益率*20%,1.5,0.25,3.54,20210930,0.024,0.084960937,0.332133213,0.114189189,-0.237113402,0.123211447,-0.167020524,0.557349193,0.600109111,0.236617797,2.627
002620.OF,中邮未来新蓝筹,中邮基金,20170804,混合型,灵活配置型,沪深300指数收益率*60%+上证国债指数收益率*40%,1.5,0.25,12.02,20210930,,,,,,0.034,0.002901354,0.669238187,0.711149624,0.234301148,2.656
487021.OF,工银瑞信优质精选,工银瑞信基金,20160219,混合型,混合型,沪深300指数收益率*60%+中证全债指数收益率*40%,1.5,0.25,2.63,20210930,,,,,0.004316547,0.143982808,-0.17658109,0.392395437,0.779901693,0.232893526,1.890647482
005233.OF,广发睿毅领先A,广发基金,20171214,混合型,混合型,沪深300指数收益率*75%+中证全债指数收益率*25%,1.5,0.25,18.06,20210930,,,,,,0.0038,-0.071364497,0.421058281,0.627567976,0.231240429,1.6532
166301.OF,华商新趋势优选,华商基金,20150514,混合型,灵活配置型,沪深300指数收益率*65%+上证国债指数收益率*35%,1.5,0.25,26.65,20210930,,,,0.046574116,-0.078733419,0.146307478,-0.148298217,0.695197337,0.774193548,0.228458498,2.479623824
002770.OF,安信新回报A,安信基金,20160509,混合型,灵活配置型,沪深300指数收益率*50%+中债总指数(全价)收益率*50%,0.8,0.1,2.39,20210930,,,,,0.037,0.095564127,0.019894366,0.555567487,0.653363542,0.222866379,2.64109703
960012.OF,中银收益H,中银基金,20150924,混合型,混合型,中证800指数收益率*60%+中债综合指数收益率*40%,1.5,0.25,0.02,20210930,,,,,0.093826756,0.086152695,-0.076350606,0.355784028,0.659940282,0.22267158,2.019963525
163804.OF,中银收益A,中银基金,20061011,混合型,混合型,中证800指数收益率*60%+中债综合指数收益率*40%,1.5,0.25,18.12,20210930,0.160216121,0.28217069,0.13446001,0.464423391,-0.093717932,0.086326154,-0.077149654,0.356294413,0.660429575,0.22258118,5.183292629
002771.OF,安信新回报C,安信基金,20160509,混合型,灵活配置型,沪深300指数收益率*50%+中债总指数(全价)收益率*50%,0.8,0.1,2.67,20210930,,,,,0.037,0.094305019,0.015790402,0.552542964,0.650128865,0.220368464,2.59698882
690011.OF,民生加银积极成长,民生加银基金,20130131,混合型,混合型,沪深300成长指数*60%+中证国债指数收益率*40%,1.5,0.25,3.25,20210930,,-0.033,0.228541882,0.306397306,-0.180412371,0.090408805,-0.16149964,0.487532244,0.697687861,0.219952332,2.583
487016.OF,工银瑞信灵活配置A,工银瑞信基金,20150203,混合型,灵活配置型,中证800指数收益率*55%+中债信用债总财富指数收益率*45%,1.5,0.25,3.61,20210930,,,,0.097,-0.003646308,0.031107045,-0.123623446,0.394363341,0.734986186,0.21325902,1.8952
003293.OF,易方达科瑞,易方达基金,20170103,混合型,灵活配置型,沪深300指数收益率*80%+中债新综合财富指数收益率*20%,1.5,0.25,12.48,20210930,,,,,,0.170725995,-0.177217722,0.473927313,0.553603826,0.210945379,1.671311475
519644.OF,银河智联主题,银河基金,20151217,混合型,灵活配置型,中证800指数收益率*70%+上证国债指数收益率*30%,1.5,0.25,2.34,20210930,,,,0.003,-0.148554337,0.134660422,-0.179566563,0.704402516,0.76900369,0.209428452,1.899
001224.OF,中邮新思路,中邮基金,20151111,混合型,灵活配置型,金融机构人民币一年期定期存款基准利率(税后)+2%,1.5,0.25,30.46,20210930,,,,0.015,0.062068966,-0.036178108,0.019249278,0.716713881,0.698019802,0.207968902,2.729
000663.OF,国投瑞银美丽中国,国投瑞银基金,20140624,混合型,灵活配置型,沪深300指数收益率*60%+中债综合指数收益率*40%,1.5,0.25,5,20210930,,,0.077,1.059702878,-0.219131768,0.072797598,-0.177258785,0.65095345,0.672503223,0.199617042,4.06434751
240009.OF,华宝先进成长,华宝基金,20061107,混合型,混合型,新上证综合指数收益率,1.5,0.25,28.45,20210930,0.062335382,0.389383344,0.136353237,0.914475539,-0.263387036,-0.009964596,-0.180004037,0.463527997,0.674128766,0.198320574,4.639104646
001603.OF,易方达安盈回报,易方达基金,20170216,混合型,混合型,中债新综合指数收益率*70%+沪深300指数收益率*25%+金融机构人民币活期存款基准利率(税后)*5%,0.9,0.25,30.55,20210930,,,,,,0.223,-0.161079313,0.445419103,0.554281861,0.195320911,1.7552147
519171.OF,浦银安盛医疗健康A,浦银安盛基金,20150525,混合型,灵活配置型,中证医药卫生指数收益率*55%+中债综合指数收益率*45%,1.5,0.25,7.91,20210930,,,,-0.063,-0.195304162,0.00265252,-0.149470899,0.482115086,0.863440976,0.194871795,1.12192413
519698.OF,交银先锋A,交银施罗德基金,20090410,混合型,混合型,中证700指数*75%+中证综合债券指数*25%,1.5,0.25,11.65,20210930,0.196192222,0.070388969,0.132156489,0.648054502,-0.187215001,-0.206773619,-0.096550357,0.415633602,0.739415707,0.192653934,3.087905192
004604.OF,富国新活力A,富国基金,20170601,混合型,灵活配置型,中债综合全价指数收益率*80%+沪深300指数收益率*20%,0.6,0.1,4,20210930,,,,,,0.0561,-0.065340909,0.501216052,0.61327123,0.191556132,1.8477
519773.OF,交银数据产业,交银施罗德基金,20160816,混合型,灵活配置型,沪深300指数收益率*60%+中证综合债券指数收益率*40%,1.5,0.25,21.44,20210930,,,,,-0.059,-0.195536663,-0.137384412,0.924961715,0.639618138,0.187045124,1.4465
004605.OF,富国新活力C,富国基金,20170601,混合型,灵活配置型,中债综合全价指数收益率*80%+沪深300指数收益率*20%,0.6,0.1,0.42,20210930,,,,,,0.0561,-0.060979074,0.495058491,0.604924115,0.185768924,1.8213
450001.OF,国富中国收益,国海富兰克林基金,20050601,混合型,混合型,中债国债总指数(全价)*55%+沪深300指数*40%+同业存款息率*5%,1.38,0.25,13.1,20210930,0.013818182,0.08699187,0.214791676,0.285393503,-0.010960525,0.095052568,-0.104549855,0.395978364,0.526726181,0.183671874,3.186206696
378010.OF,上投摩根成长先锋,上投摩根基金,20060920,混合型,混合型,沪深300指数收益率*80%+中债总指数收益率*20%,1.5,0.25,23.64,20210930,0.142134096,0.183202127,-0.073055739,0.153824214,-0.316153751,0.247274261,-0.136758741,0.412537549,0.606730051,0.181702152,1.855063213
000967.OF,华泰柏瑞创新动力,华泰柏瑞基金,20150206,混合型,灵活配置型,中证新兴产业指数收益率*60%+中债总指数(全价)收益率*40%,1.5,0.25,5.78,20210930,,,,0.266,-0.139810427,0.303948577,-0.128873239,0.431689572,0.700169396,0.180006642,2.553
001607.OF,英大策略优选A,英大基金,20151202,混合型,灵活配置型,1年期银行定期存款利率(税后)+2%,0.6,0.25,0.55,20210930,,,,0.02,0.077941176,0.082393598,-0.147958326,0.537713717,0.524113158,0.179947103,1.80437458
001608.OF,英大策略优选C,英大基金,20151202,混合型,灵活配置型,1年期银行定期存款利率(税后)+2%,0.6,0.25,0.03,20210930,,,,0.019,-0.064180569,0.078116808,-0.05232445,0.542746726,0.51822977,0.175149772,1.68202383
000029.OF,富国宏观策略A,富国基金,20130412,混合型,灵活配置型,沪深300指数收益率*65%+中债综合指数收益率*35%,1.5,0.25,4.96,20210930,,0.072,0.171548507,0.382036786,-0.10358933,0.307796131,-0.162030666,0.499306979,0.433484161,0.163510103,3.26386528
004314.OF,前海开源沪港深新硬件A,前海开源基金,20170313,混合型,灵活配置型,沪深300指数收益率*35%+恒生指数收益率*35%+中证全债指数收益率*30%,1.5,0.25,0.73,20210930,,,,,,-0.066,-0.09470305,0.518142064,0.57789023,0.162078153,1.3553
004315.OF,前海开源沪港深新硬件C,前海开源基金,20170313,混合型,灵活配置型,沪深300指数收益率*35%+恒生指数收益率*35%+中证全债指数收益率*30%,1.5,0.25,0.61,20210930,,,,,,0.0344,-0.095845411,0.516654237,0.576336127,0.160995305,1.59773785
040011.OF,华安核心优选,华安基金,20081022,混合型,混合型,沪深300指数收益率*80%+中债国债总财富指数收益率*20%,1.5,0.25,11.03,20210930,0.117389842,0.06614991,0.35709748,0.292936648,0.054228015,0.186744,-0.114358282,0.418006958,0.751638357,0.156753455,5.656502203
000390.OF,华商优势行业,华商基金,20131211,混合型,灵活配置型,沪深300指数收益率*55%+上证国债指数收益率*45%,1.5,0.25,21.31,20210930,,0.003,0.182951147,0.795617362,-0.015019948,0.121324756,-0.170838468,0.642875158,0.568812303,0.155710074,4.81171056
002577.OF,南方新兴龙头,南方基金,20160503,混合型,灵活配置型,沪深300指数收益率*60%+上证国债指数收益率*40%,1.5,0.25,2.18,20210930,,,,,-0.028,-0.225308642,-0.172642762,0.568218299,0.626407369,0.154185022,0.834
005049.OF,长安鑫旺价值A,长安基金,20170921,混合型,灵活配置型,沪深300指数收益率*50%+中债综合指数收益率*50%,1,0.1,0.69,20210930,,,,,,0.1151,-0.167682927,0.72321621,0.869714786,0.1528786,2.4463
002378.OF,建信弘利,建信基金,20160204,混合型,灵活配置型,沪深300指数收益率*65%+中债总财富(总值)指数收益率*35%,1.5,0.25,1.03,20210930,,,,,0.015,0.032512315,-0.15028626,0.511565237,0.805378101,0.152114878,1.8001
005050.OF,长安鑫旺价值C,长安基金,20170921,混合型,灵活配置型,沪深300指数收益率*50%+中债综合指数收益率*50%,1,0.1,1.55,20210930,,,,,,0.114,-0.166950902,0.732701013,0.866944514,0.151167827,2.455
960021.OF,国富潜力组合H人民币,国海富兰克林基金,20160229,混合型,混合型,MSCI中国A股指数*85%+中债国债总指数(全价)*10%+同业存款息率*5%,1.5,0.25,0.05,20210930,,,,,0.014141414,0.180278884,-0.182124789,0.521418701,0.646398206,0.150289121,1.82310601
450003.OF,国富潜力组合A人民币,国海富兰克林基金,20070322,混合型,混合型,MSCI中国A股指数*85%+中债国债总指数(全价)*10%+同业存款息率*5%,1.5,0.25,28.84,20210930,0.006196267,0.119390347,0.260693165,0.370915835,-0.185851271,0.180822989,-0.181566096,0.520844597,0.644931277,0.149325939,3.403848974
000727.OF,融通健康产业A,融通基金,20141225,混合型,灵活配置型,申万医药生物行业指数收益率*70%+中债综合(全价)指数收益率*30%,1.5,0.25,13.55,20210930,,,0.007,0.38530288,-0.192114695,-0.078083407,-0.163618864,0.86881473,0.667487685,0.149187592,2.112
005341.OF,长安裕泰A,长安基金,20171227,混合型,灵活配置型,沪深300指数收益率*50%+中债综合全价指数收益率*30%+恒生综合指数收益率*20%,1.2,0.1,0.68,20210930,,,,,,0.0015,-0.152786099,0.694211953,0.892429724,0.146076917,2.1171
005342.OF,长安裕泰C,长安基金,20171227,混合型,灵活配置型,沪深300指数收益率*50%+中债综合全价指数收益率*30%+恒生综合指数收益率*20%,1.2,0.1,1.75,20210930,,,,,,0.0014,-0.149091272,0.699882629,0.889663744,0.144365683,2.1319
003434.OF,博时鑫泽A,博时基金,20161017,混合型,灵活配置型,沪深300指数收益率*50%+中证综合债指数收益率*50%,0.8,0.2,4.93,20210930,,,,,-0.001,0.135135135,-0.142857143,0.487246008,0.432412784,0.142059871,1.36486382
003435.OF,博时鑫泽C,博时基金,20161017,混合型,灵活配置型,沪深300指数收益率*50%+中证综合债指数收益率*50%,0.8,0.2,0.48,20210930,,,,,0,0.139698492,-0.142857143,0.485195772,0.430131002,0.140966924,1.35558535
000566.OF,华泰柏瑞创新升级A,华泰柏瑞基金,20140506,混合型,混合型,中证新兴产业指数收益率*40%+中债总指数(全价)收益率*40%+中证TMT产业主题指数收益率*20%,1.5,0.25,24.1,20210930,,,0.35,0.580740741,-0.133083411,0.350810811,-0.128211285,0.386892091,0.618190005,0.14088813,4.57818286
002593.OF,富国美丽中国A,富国基金,20160519,混合型,混合型,沪深300指数收益率*60%+中债综合全价指数收益率*40%,1.5,0.25,75.58,20210930,,,,,0.075,0.294790698,-0.124865292,0.47897877,0.665858099,0.138332727,2.41626939
004674.OF,富国新机遇A,富国基金,20171114,混合型,灵活配置型,中债综合全价指数收益率*80%+沪深300指数收益率*20%,0.6,0.1,7.8,20210930,,,,,,0.005,-0.135517276,0.350650847,0.48673774,0.136301056,0.9808
002708.OF,大摩健康产业A,摩根士丹利华鑫基金,20160630,混合型,混合型,沪深300指数收益率*80%+中证综合债指数收益率*20%,1.5,0.25,14.82,20210930,,,,,0.033,0.03678606,-0.056956116,0.581188119,0.812773951,0.133678756,2.282
002450.OF,平安睿享文娱A,平安基金,20160329,混合型,灵活配置型,沪深300指数收益率*50%+中证综合债指数收益率*50%,1.5,0.25,4.29,20210930,,,,,-0.063,0.240128068,-0.097246127,0.620591039,0.574758629,0.132125496,2.03080147
590008.OF,中邮战略新兴产业,中邮基金,20120612,混合型,混合型,中证新兴产业指数*75%+上证国债指数*25%,1.5,0.25,12.3,20210930,0.045,0.803827751,0.572944297,1.064080944,-0.266993464,-0.28087383,-0.125542467,0.452161588,0.508784773,0.130842633,5.992
001216.OF,易方达新收益A,易方达基金,20150417,混合型,灵活配置型,一年期人民币定期存款利率(税后)+2%,0.6,0.2,70.95,20210930,,,,0.092,0.023809524,0.120751342,0.028731045,0.588828549,0.831542969,0.129812215,3.23792562
001217.OF,易方达新收益C,易方达基金,20150417,混合型,灵活配置型,一年期人民币定期存款利率(税后)+2%,0.6,0.2,28.16,20210930,,,,0.08,0.024074074,0.118444846,0.026677445,0.579196217,0.828343313,0.127371597,3.13068953
005251.OF,银华多元动力,银华基金,20171214,混合型,灵活配置型,沪深300指数收益率*50%+中债综合指数收益率*50%,1.5,0.25,3.05,20210930,,,,,,0.0051,-0.1760199,0.472826087,0.787945879,0.125986058,1.4551
519778.OF,交银经济新动力A,交银施罗德基金,20161020,混合型,混合型,沪深300指数收益率*60%+中证综合债券指数收益率*40%,1.5,0.25,59.21,20210930,,,,,-0.0121,0.179775281,-0.152367879,0.997975504,0.665974263,0.12477572,2.6986
000747.OF,广发逆向策略A,广发基金,20140904,混合型,灵活配置型,沪深300指数*50%+中证全债指数*50%,1.5,0.25,1.34,20210930,,,0.115,0.317488789,0.036078965,0.08338805,-0.155757576,0.424982053,0.524433249,0.124719101,2.4034
001236.OF,博时丝路主题A,博时基金,20150522,股票型,股票型,沪深300指数收益率*90%+中国债券总指数收益率*10%,1.5,0.25,12.25,20210930,,,,-0.077,-0.118093174,0.144963145,-0.182403433,0.490813648,0.76584507,0.124127617,1.255
002451.OF,平安睿享文娱C,平安基金,20160329,混合型,灵活配置型,沪深300指数收益率*50%+中证综合债指数收益率*50%,1.5,0.25,2.09,20210930,,,,,-0.072,0.231681034,-0.103237095,0.607804878,0.562254515,0.122758619,1.89064922
003516.OF,国泰融安多策略,国泰基金,20170703,混合型,灵活配置型,沪深300指数收益率*50%+中证综合债指数收益率*50%,1.5,0.15,15.58,20210930,,,,,,-0.0002,-0.083308331,0.892003927,0.858221863,0.122436315,2.6175
121003.OF,国投瑞银核心企业,国投瑞银基金,20060419,混合型,混合型,中证800指数收益率*95%+商业银行活期存款利率(税后)*5%,1.5,0.25,13.14,20210930,0.018152562,0.016495456,0.28092508,0.191549082,-0.321449035,0.032135485,-0.160561716,0.456404347,0.528638498,0.121773107,1.31959903
100039.OF,富国通胀通缩主题,富国基金,20100512,混合型,混合型,沪深300指数收益率*80%+中债综合指数收益率*20%,1.5,0.25,6.48,20210930,0.006059886,0.055273414,0.341018467,0.540393924,-0.200791028,0.159921361,-0.157393337,0.659653146,0.72425829,0.119939271,4.49013851
001181.OF,南方改革机遇,南方基金,20150519,混合型,灵活配置型,沪深300指数收益率*60%+上证国债指数收益率*40%,1.5,0.25,3.98,20210930,,,,-0.003,-0.064192578,0,-0.167023555,0.354755784,0.635673624,0.118909513,0.929
001695.OF,泓德泓业,泓德基金,20150827,混合型,灵活配置型,一年期银行定期存款利率(税后)+3%,0.8,0.15,2.3,20210930,,,,0.034,0.057059961,0.074931382,-0.12486169,0.457042074,0.712592051,0.118544951,1.86983586
002846.OF,泓德泓华,泓德基金,20161201,混合型,灵活配置型,沪深300指数收益率*50%+中证综合债券指数收益率*50%,0.8,0.15,8.65,20210930,,,,,-0.003,0.046138415,-0.174496644,0.637630662,1.028865248,0.118344923,2.19924932
000652.OF,博时裕隆A,博时基金,20140603,混合型,灵活配置型,沪深300指数收益率*75%+中证全债指数收益率*25%,1.5,0.25,23.13,20210930,,,0.296912114,0.504212454,0.029100207,0.020054425,-0.082120281,0.505485335,0.535545023,0.116334283,3.85087247
003889.OF,汇安丰泽A,汇安基金,20170113,混合型,灵活配置型,沪深300指数收益率*60%+上证国债指数收益率*40%,0.6,0.1,5.47,20210930,,,,,,0.4726,-0.118166384,0.904204528,0.631591718,0.11480692,3.4978
003890.OF,汇安丰泽C,汇安基金,20170113,混合型,灵活配置型,沪深300指数收益率*60%+上证国债指数收益率*40%,0.6,0.1,0.87,20210930,,,,,,0.4708,-0.13592167,0.904233554,0.630521922,0.113718732,3.3944
450009.OF,国富中小盘,国海富兰克林基金,20101123,股票型,股票型,中证700指数收益率*90%+银行同业存款利率*10%,1.5,0.25,46.45,20210930,0.249702735,-0.081826832,0.323316062,0.591229444,-0.033956693,0.243912379,-0.168359407,0.445265096,0.537561577,0.113336004,4.973874007
151001.OF,银河稳健,银河基金,20030804,混合型,稳健型,上证A股指数涨跌幅*75%+上证国债指数涨跌幅*25%,1.5,0.25,11.21,20210930,0.037098586,0.230201539,0.176759801,0.504630207,-0.075544227,0.13632288,-0.158938699,0.347786181,0.743186553,0.108804605,4.198926573
002563.OF,泓德泓汇,泓德基金,20161116,混合型,灵活配置型,沪深300指数收益率*50%+中证综合债券指数收益率*45%+银行活期存款利率(税后)*5%,1.5,0.2,7.76,20210930,,,,,-0.006,0.110663984,-0.122282609,0.513931889,0.787661895,0.106959009,1.903
002780.OF,前海联合泓鑫A,新疆前海联合基金,20161130,混合型,灵活配置型,沪深300指数收益率*50%+中债综合全价指数收益率*50%,1.5,0.15,6.29,20210930,,,,,0.035,-0.01352657,-0.091674829,0.595880069,1.119145773,0.106674746,2.4702
002801.OF,泓德泓信,泓德基金,20160601,混合型,灵活配置型,沪深300指数收益率*50%+中证综合债券指数收益率*50%,0.8,0.15,3.14,20210930,,,,,0.004,0.027888446,-0.175387597,0.387323944,0.802284264,0.10651082,1.3572
000717.OF,融通转型三动力A,融通基金,20150116,混合型,灵活配置型,沪深300指数收益率*50%+中债综合(全价)指数收益率*50%,1.5,0.25,4.15,20210930,,,,0.35,-0.172592593,0.230975828,-0.135272727,0.766190076,0.448571429,0.105193951,2.362
001256.OF,泓德优选成长,泓德基金,20150521,混合型,混合型,沪深300指数收益率*80%+中证综合债券指数*20%,1.5,0.25,29.25,20210930,,,,0.087,0.020515179,0.101775895,-0.140811651,0.367397791,0.524314773,0.099941994,1.40752039
002307.OF,银华多元视野,银华基金,20160519,混合型,灵活配置型,沪深300指数收益率*50%+中债综合指数收益率*50%,1.5,0.25,4.2,20210930,,,,,0.069,0.198316183,-0.184231069,0.455502392,0.847468771,0.099644128,2.09
690004.OF,民生加银稳健成长,民生加银基金,20100629,混合型,混合型,沪深300指数收益率*80%+上证国债指数收益率*20%,1.5,0.25,1.38,20210930,0.052307692,0.10380117,0.312582781,0.535822402,-0.140604468,0.224006116,-0.168644597,0.399399399,0.89055794,0.099035187,4.958461538
004434.OF,博时逆向投资A,博时基金,20170414,混合型,混合型,沪深300指数收益率*70%+中债综合财富(总值)指数收益率*30%,1.5,0.25,2.36,20210930,,,,,,-0.1093,-0.183788032,0.541403026,0.625914689,0.096926454,0.9986
002808.OF,泓德优势领航,泓德基金,20161221,混合型,灵活配置型,沪深300指数收益率*50%+中证综合债券指数收益率*50%,1.5,0.25,14.91,20210930,,,,,0.001,0.066933067,-0.148876404,0.442244224,0.585888635,0.096580251,1.2799
004241.OF,中欧时代先锋C,中欧基金,20170119,股票型,股票型,中证500指数收益率*90%+中证综合债券指数收益率*10%,1.5,0.25,44.88,20210930,,,,,,0.321786272,-0.124904428,0.645549591,0.552367548,0.094421967,2.234974832
020018.OF,国泰金鹿,国泰基金,20140826,混合型,混合型,沪深300指数收益率*80%+中债综合指数收益率*20%,1.5,0.25,2.39,20210930,,,0.024024024,0.269990225,-0.072563708,0.002004008,0.033000002,0.396103895,0.495098389,0.092753899,1.847569079
001651.OF,工银瑞信新蓝筹A,工银瑞信基金,20150806,股票型,股票型,沪深300指数收益率*80%+中债综合财富指数收益率*20%,1.5,0.25,4.9,20210930,,,,0.017,0.046214356,0.301691729,-0.166907514,0.378143972,0.621774701,0.091967404,1.814
005186.OF,长安鑫兴A,长安基金,20171129,混合型,灵活配置型,沪深300指数收益率*50%+中债综合指数收益率*50%,1,0.1,0.18,20210930,,,,,,0.0088,-0.161130392,0.415602837,0.493486974,0.087163144,0.9445
002624.OF,广发优企精选A,广发基金,20160804,混合型,灵活配置型,中证800指数收益率*65%+中证全债指数收益率*35%,1.5,0.25,19.84,20210930,,,,,-0.003,0.316950853,-0.085605484,0.426909395,0.546313224,0.085911329,1.87664699
005187.OF,长安鑫兴C,长安基金,20171129,混合型,灵活配置型,沪深300指数收益率*50%+中债综合指数收益率*50%,1,0.1,0.33,20210930,,,,,,0.0087,-0.162931376,0.413507109,0.490947192,0.085399449,0.9306
000339.OF,长城医疗保健,长城基金,20140228,混合型,混合型,中证医药卫生指数收益率*90%+中债综合财富指数收益率*10%,1.5,0.25,9,20210930,,,0.041,0.400576369,-0.030864198,0.099787686,-0.146525097,0.711323884,0.739768272,0.082803677,3.2761
000556.OF,国投瑞银新机遇A,国投瑞银基金,20140311,混合型,灵活配置型,中国人民银行公布的1年期定期存款利率(税后)+1%,0.6,0.1,6.41,20210930,,,0.127,0.204791482,0.033215496,0.101575308,-0.115892326,0.486923597,0.553254441,0.078071416,2.40192596
000557.OF,国投瑞银新机遇C,国投瑞银基金,20140311,混合型,灵活配置型,中国人民银行公布的1年期定期存款利率(税后)+1%,0.6,0.1,0.61,20210930,,,0.127,0.194853594,0.028219219,0.094178824,-0.119735974,0.47962539,0.5451789,0.072549947,2.27019505
530012.OF,建信积极配置,建信基金,20140123,混合型,混合型,沪深300指数*55%+中国债券总指数*45%,1.5,0.25,1.66,20210930,,,0.355659495,0.550441623,-0.044683787,0.055765199,-0.146589004,0.366992693,0.454985873,0.072419533,2.861138616
002031.OF,华夏策略精选,华夏基金,20081023,混合型,灵活配置型,沪深300指数收益率*55%+上证国债指数收益率*45%,1.5,0.25,9.35,20210930,0.03375947,0.181102002,0.089580021,0.422607396,0.041805309,0.132462418,-0.142287798,0.341175526,0.521281922,0.071099408,3.186557576
121006.OF,国投瑞银稳健增长,国投瑞银基金,20080611,混合型,灵活配置型,沪深300指数收益率*60%+中债综合指数收益率*40%,1.5,0.25,7.17,20210930,0.142503609,0.054031288,0.126441375,0.554553286,-0.044790716,0.056549041,-0.135727898,0.438574915,0.577235772,0.071060383,3.469994996
001508.OF,富国新动力A,富国基金,20150804,混合型,灵活配置型,同期中国人民银行公布的一年期人民币定期存款基准利率(税后)+3%,0.6,0.25,34.07,20210930,,,,0.367,-0.179224579,0.087344029,0.068852459,0.713190184,0.812444047,0.069598812,3.33080559
121002.OF,国投瑞银景气行业,国投瑞银基金,20040429,混合型,稳健型,沪深300指数收益率*75%+中债综合指数收益率*20%+同业存款利率*5%,1.5,0.25,9.16,20210930,0.047262182,0.108875058,0.166254574,0.316294946,-0.119171485,0.017096987,-0.129784442,0.44089724,0.532566835,0.065703817,2.270801137
900009.OF,中信证券成长动力A,中信证券,20201125,混合型,混合型,沪深300指数收益率*65%+中债综合财富指数收益率*25%+恒生指数收益率*10%,1.5,0.25,5.85,20210930,0.122965189,0.078835861,0.446718346,0.336645946,-0.083333114,0.396070624,-0.150868713,0.376086267,0.622183603,0.065392566,5.055953356
001510.OF,富国新动力C,富国基金,20150804,混合型,灵活配置型,同期中国人民银行公布的一年期人民币定期存款基准利率(税后)+3%,0.6,0.25,10.68,20210930,,,,0.369,-0.184075968,0.083258729,0.065289256,0.705973623,0.803547067,0.064184493,3.2205557
002229.OF,华夏经济转型,华夏基金,20160315,股票型,股票型,沪深300指数收益率*90%+上证国债指数收益率*10%,1.5,0.25,13.95,20210930,,,,,0.103,0.168631006,-0.103335919,0.416948157,0.683508773,0.063776575,1.93293513
003238.OF,新华外延增长主题,新华基金,20170302,混合型,灵活配置型,中证800指数收益率*60%+中国债券总指数收益率*40%,1.5,0.25,0.59,20210930,,,,,,-0.0489,-0.162636669,0.776173738,0.763870238,0.063228753,1.6535
519694.OF,交银蓝筹,交银施罗德基金,20070808,混合型,混合型,中证100指数*75%+中证综合债券指数*25%,1.5,0.25,20.02,20210930,0.102199817,0.053915454,0.088769069,0.474574224,-0.141792267,0.175622793,-0.155476171,0.494722005,0.495446803,0.063210216,2.776516499
000136.OF,民生加银策略精选A,民生加银基金,20130607,混合型,灵活配置型,沪深300指数收益率*60%+中债国债总指数收益率(全价)*40%,1.5,0.25,28.35,20210930,,0.004,0.226095618,1.086921202,-0.091864539,0.117702529,-0.14791379,0.465145484,0.780959197,0.058279743,5.13563777
004677.OF,博时战略新兴产业,博时基金,20170809,混合型,灵活配置型,中证新兴产业指数*75%+上证国债指数*25%,1.5,0.25,0.56,20210930,,,,,,0.127,-0.160603372,0.502114165,0.536242083,0.055886395,1.305
001179.OF,德邦大健康,德邦基金,20150429,混合型,灵活配置型,中证健康产业指数*80%+中证全债指数收益率*20%,1.5,0.25,2.11,20210930,,,,-0.0556,-0.12558238,0.386003148,-0.171645702,0.48412965,0.435046497,0.054911105,1.13081244
004905.OF,华泰柏瑞生物医药A,华泰柏瑞基金,20170816,混合型,灵活配置型,中证医药卫生指数收益率*70%+上证国债指数收益率*30%,1.5,0.25,8.13,20210930,,,,,,0.0437,-0.120233761,0.675449102,0.802716226,0.053637085,1.923
002628.OF,招商安博A,招商基金,20160525,混合型,灵活配置型,沪深300指数收益率*50%+中债综合指数收益率*50%,1.5,0.25,1.52,20210930,,,,,-0.003,0.025075226,-0.043780607,0.395841868,0.574143371,0.050992822,1.2548
519020.OF,国泰金泰A,国泰基金,20121224,混合型,灵活配置型,沪深300指数收益率*50%+中证综合债指数收益率*50%,1.5,0.25,2.22,20210930,0,-0.029398907,0.074315955,0.100828005,0.027801581,-0.045391385,-0.164095099,0.515212339,0.587324151,0.050299345,1.378408262
519022.OF,国泰金泰C,国泰基金,20151117,混合型,灵活配置型,沪深300指数收益率*50%+中证综合债指数收益率*50%,1.5,0.25,0.08,20210930,,,,0.007023705,0.102441151,-0.098616054,-0.155465871,0.515607935,0.585683621,0.049157368,1.131357998
004040.OF,金鹰医疗健康产业A,金鹰基金,20170801,股票型,股票型,中证医药卫生指数收益率*80%+中债总财富(总值)指数收益率*20%,1.5,0.2,3.74,20210930,,,,,,0.0048,-0.142871356,0.39990716,0.740197298,0.048170908,1.20032037
001357.OF,泓德泓富A,泓德基金,20150609,混合型,灵活配置型,沪深300指数收益率*50%+中证综合债券指数收益率*45%+银行活期存款利率(税后)*5%,0.7,0.15,8.34,20210930,,,,0.043,0.079386385,0.117605258,-0.141244734,0.363494659,0.66016504,0.046954114,1.56045371
002629.OF,招商安博C,招商基金,20160525,混合型,灵活配置型,沪深300指数收益率*50%+中债综合指数收益率*50%,1.5,0.25,0.5,20210930,,,,,-0.006,0.018108652,-0.049604743,0.388917767,0.566392216,0.045682611,1.1883
004041.OF,金鹰医疗健康产业C,金鹰基金,20170801,股票型,股票型,中证医药卫生指数收益率*80%+中债总财富(总值)指数收益率*20%,1.5,0.2,5.16,20210930,,,,,,0.025,-0.111273649,0.388370817,0.733069933,0.043979263,1.28965532
001376.OF,泓德泓富C,泓德基金,20150609,混合型,灵活配置型,沪深300指数收益率*50%+中证综合债券指数收益率*45%+银行活期存款利率(税后)*5%,0.7,0.15,0.59,20210930,,,,0.042,0.076103647,0.112102024,-0.14564119,0.356560629,0.6517946,0.041841305,1.48742661
960028.OF,建信优选成长H,建信基金,20160407,混合型,混合型,富时中国600成长指数*75%+中国债券总指数*20%+一年定期存款利率*5%,1.5,0.25,0.01,20210930,,,,,0.006854577,0.093603286,-0.177183945,0.434793949,0.56309321,0.041413329,1.116568315
519224.OF,海富通欣荣A,海富通基金,20160922,混合型,灵活配置型,沪深300指数收益率*50%+中证全债指数收益率*50%,0.6,0.15,2.45,20210930,,,,,-0.0141,0.072225604,-0.167219013,0.480554924,0.475499232,0.04002915,0.998
519714.OF,交银消费新驱动,交银施罗德基金,20150701,股票型,股票型,中证内地消费主题指数*85%+中证综合债券指数*15%,1.5,0.25,18.36,20210930,,,,-0.017,0.021363174,0.28247012,-0.139950295,0.362616552,1.032388664,0.03984064,2.18897952
002189.OF,农银汇理国企改革,农银汇理基金,20160603,混合型,灵活配置型,中证国有企业改革指数*65%+中证全债指数*35%,1.5,0.25,1.3,20210930,,,,,0.0353,0.313405447,-0.179779412,0.43958408,0.779078456,0.03902422,1.9687
002252.OF,融通成长30AB,融通基金,20151211,混合型,灵活配置型,沪深300指数收益率*50%+中债综合全价(总值)指数收益率*50%,1.5,0.25,1.46,20210930,,,,0.007,-0.041708044,0.058031088,-0.153770813,0.53587963,0.688771665,0.038821954,1.328
530003.OF,建信优选成长A,建信基金,20060908,混合型,混合型,富时中国600成长指数*75%+中国债券总指数*20%+一年定期存款利率*5%,1.5,0.25,18.86,20210930,0.03954377,0.123196881,0.338225814,0.545316437,-0.071382328,0.091789311,-0.178032632,0.431106253,0.563095147,0.03852667,3.676000538
121005.OF,国投瑞银创新动力,国投瑞银基金,20061115,混合型,混合型,沪深300指数收益率*80%+中债综合指数收益率*20%,1.5,0.25,16.22,20210930,0.0286856,0.075055494,0.158429045,0.338432974,-0.053323715,0.046128597,-0.17200717,0.493079599,0.608060301,0.038449646,2.506910023
519223.OF,海富通欣荣C,海富通基金,20160922,混合型,灵活配置型,沪深300指数收益率*50%+中证全债指数收益率*50%,0.6,0.15,2.09,20210930,,,,,-0.0146,0.06779661,-0.163812785,0.484241666,0.472594864,0.037948985,0.9939
001320.OF,工银瑞信丰盈回报A,工银瑞信基金,20150522,混合型,灵活配置型,一年期银行定期存款收益率(税后)+4%,1.5,0.25,4.62,20210930,,,,0.024,0.013671875,0.110789981,-0.160450997,0.43285124,0.728911319,0.035446205,1.483
001885.OF,中欧新蓝筹E,中欧基金,20151008,混合型,灵活配置型,沪深300指数*60%+上证国债指数*35%+一年期定期存款利率*5%,1.5,0.25,1.76,20210930,,,,0.176958408,-0.020108401,0.198827498,-0.182875069,0.602962521,0.427789503,0.033809062,1.673679051
004634.OF,前海联合泳涛A,新疆前海联合基金,20170607,混合型,灵活配置型,沪深300指数收益率*50%+中债综合全价指数收益率*50%,0.6,0.1,1.57,20210930,,,,,,0.0687,-0.1455175,0.401358309,0.767294614,0.032641868,1.3347
180018.OF,银华和谐主题,银华基金,20090427,混合型,灵活配置型,沪深300指数收益率*55%+中国债券总指数收益率*45%,1.5,0.25,4.45,20210930,0.074348341,0.23738627,0.377302436,0.114322692,-0.064072784,0.230972079,-0.175911918,0.442335115,0.762937598,0.028491259,4.063579384
519673.OF,银河康乐,银河基金,20141118,股票型,股票型,申银万国医药生物行业指数收益率*80%+上证国债指数收益率*20%,1.5,0.25,2.73,20210930,,,0.029,0.475218659,-0.143610013,0.099230769,-0.177746676,0.590638298,0.779561263,0.027961515,2.419
004448.OF,博时汇智回报,博时基金,20170412,混合型,灵活配置型,沪深300指数收益率*80%+中债综合财富(总值)指数收益率*20%,1.5,0.25,2.9,20210930,,,,,,0.1684,0.0011133,0.347535934,0.636571429,0.025954376,1.6445
005267.OF,嘉实价值精选,嘉实基金,20171106,股票型,股票型,沪深300指数收益率*45%+恒生指数收益率*45%+中债综合财富指数收益率*10%,1.5,0.25,78.65,20210930,,,,,,0.0324,-0.175900814,0.424958833,0.714816343,0.024693141,1.1288
002773.OF,光大铭鑫A,光大保德信基金,20161017,混合型,灵活配置型,沪深300指数收益率*50%+中证全债指数收益率*50%,0.6,0.15,0.32,20210930,,,,,0.0007,0.079244529,-0.157728999,0.345138583,0.780866721,0.023140496,1.2284
233001.OF,大摩基础行业,摩根士丹利华鑫基金,20040326,混合型,稳健型,沪深300指数*55%+中证综合债券指数*45%,1.5,0.25,2.43,20210930,-0.024960269,0.110258869,0.290500864,0.558217345,-0.010864897,0.135011938,-0.184144103,0.536890542,0.460923268,0.022583024,3.579519678
070019.OF,嘉实价值优势,嘉实基金,20100607,混合型,混合型,沪深300指数*95%+上证国债指数*5%,1.5,0.25,30.27,20210930,0.035636915,0.243593766,0.117830109,0.328643443,-0.124808879,0.238757684,-0.119219125,0.395319559,0.613201316,0.022504092,3.210018577
002774.OF,光大铭鑫C,光大保德信基金,20161017,混合型,灵活配置型,沪深300指数收益率*50%+中证全债指数收益率*50%,0.6,0.15,0.24,20210930,,,,,0.0005,0.077961019,-0.143850863,0.341711809,0.779150517,0.020877774,1.2493
001417.OF,汇添富医疗服务,汇添富基金,20150618,混合型,灵活配置型,中证医药卫生指数*70%+中债综合指数*30%,1.5,0.25,49.24,20210930,,,,-0.013,-0.16514691,0.128640777,-0.084946237,0.459459459,0.68115942,0.019157088,1.128
001581.OF,华安沪港深通精选,华安基金,20170216,混合型,灵活配置型,中国债券总指数收益率*40%+中证800指数收益率*30%+恒生综合指数收益率*30%,1.5,0.25,7.09,20210930,,,,,,0.321,-0.104390613,0.468285295,0.535964357,0.019063404,1.70386326
540004.OF,汇丰晋信2026,汇丰晋信基金,20080723,混合型,混合型,中债新综合指数收益率(全价)*80%+MSCI中国A股在岸指数收益率*20%,0.75,0.2,1.17,20210930,0.127076822,0.211267606,0.018556453,0.469478292,-0.177917321,0.147823532,-0.120590368,0.594775319,0.416423829,0.018650928,2.902326246
690009.OF,民生加银红利回报,民生加银基金,20120809,混合型,灵活配置型,中证红利指数收益率*60%+中证国债指数收益率*40%,1.5,0.25,2.38,20210930,-0.012,0.066801619,0.248197343,0.720963819,-0.090676207,0.143870216,-0.182887473,0.384886431,0.622606255,0.017846864,3.40131578
001152.OF,融通新区域新经济,融通基金,20150520,混合型,灵活配置型,中证新兴产业指数收益率*50%+中债综合(全价)指数收益率*50%,1.5,0.25,3.49,20210930,,,,-0.267,-0.282401091,0.024714829,-0.179962894,0.368778281,0.629752066,0.015212982,0.001
450002.OF,国富弹性市值,国海富兰克林基金,20060614,混合型,混合型,MSCI中国A股指数*70%+中债国债总指数(全价)*25%+同业存款利率*5%,1.5,0.25,49.53,20210930,0.136426663,0.037347856,0.079780825,0.48014028,-0.018003626,0.355144116,-0.175793051,0.401707792,0.4452686,0.008991307,3.224854574
002152.OF,华宝核心优势,华宝基金,20160121,混合型,灵活配置型,沪深300指数收益率*55%+上证国债指数收益率*45%,1.5,0.25,0.57,20210930,,,,,-0.013,0.097264438,-0.113573407,0.436458333,0.677302393,0.007349762,1.33
000936.OF,博时产业新动力A,博时基金,20150126,混合型,灵活配置型,中证全指工业指数收益率*70%+中国债券总指数收益率*30%,1.5,0.25,6.44,20210930,,,,0.376,-0.114098837,0.309598031,-0.159734402,0.394635724,0.598146134,0.005458886,2.00607556
001500.OF,泓德远见回报,泓德基金,20150824,混合型,灵活配置型,沪深300指数收益率*75%+中证综合债券指数收益率*25%,1.5,0.25,46.22,20210930,,,,0.126,0.054174067,0.103454086,-0.11177279,0.536430027,0.748181088,0.004901734,2.14339954
000939.OF,中银研究精选A,中银基金,20141223,混合型,灵活配置型,沪深300指数收益率*60%+中债综合指数收益率*40%,1.5,0.25,3.74,20210930,,,0.013,0.182823297,-0.177015523,-0.086806612,-0.177679067,0.582893504,1.017829637,0.003655708,1.37381033
519619.OF,银河君荣A,银河基金,20160905,混合型,灵活配置型,上证国债指数收益率*50%+沪深300指数收益率*50%,0.6,0.15,0.02,20210930,,,,,-0.0009,0.079179179,-0.104721269,0.446275142,0.486014502,0.002788568,1.07996324
000835.OF,华润元大富时中国A50A,华润元大基金,20141120,股票型,被动指数型,富时中国A50指数收益率*95%+银行活期存款收益率(税后)*5%,0.6,0.15,2.83,20210930,,,0.443,-0.06999307,-0.036512668,0.35962877,-0.176905575,0.442985487,0.421599617,0.002594077,1.976
519621.OF,银河君荣I,银河基金,20160905,混合型,灵活配置型,上证国债指数收益率*50%+沪深300指数收益率*50%,0.6,0.15,1.76,20210930,,,,,0,0.0014,-0.105152786,0.440561853,0.485278778,0.002322569,0.92156644
005112.OF,银华中证全指医药卫生增强,银华基金,20170928,股票型,增强指数型,中证全指医药卫生指数收益率*90%+商业银行活期存款利率(税后)*10%,1,0.2,1.77,20210930,,,,,,0.0176,-0.118207723,0.553314763,0.441144825,0.000597282,1.0103
003190.OF,创金合信消费主题A,创金合信基金,20160822,股票型,股票型,中证内地消费主题指数收益率*90%+人民币活期存款利率(税后)*10%,1.5,0.2,0.58,20210930,,,,,0.004,0.012948207,-0.110226155,0.711621755,0.732768152,0,1.6843851
